id;nombres;apellido_1;apellido_2
1;scalable Mexico ivory;turquoise Bedfordshire;Brand
2;experiences Borders Field;Books standardization parse;Refined Wooden Gloves Polarised
3;Soft invoice Profound;wireless;program
4;Tokelau;repurpose;Tunnel
5;deposit AGP;Home Loan Account synthesize;compressing attitude
6;flexibility holistic e-markets;Toys;Rubber Quetzal
7;Concrete European Unit of Account 17(E.U.A.-17) parallelism;Tuna;El Salvador Colon US Dollar
8;Faroe Islands Movies;Interactions;Universal AI Malaysia
9;Avon;Incredible Fresh Table Djibouti silver;payment Mill 5th generation
10;web services contextually-based;Handmade Soft Cheese embrace;functionalities logistical secured line
