id;nombre;descripcion;direccion;telefono
1;model;synthesize Officer Awesome Steel Chicken;optical Response Orchestrator;sky blue Fantastic
2;Product;Unbranded Frozen Shirt Supervisor connecting;bandwidth repurpose;cyan indigo FTP
3;transition;client-driven;compress;EXE open-source Berkshire
4;B2C matrix Greenland;impactful;Steel Auto Loan Account;California
5;Generic Steel Pizza;Street;groupware;Money Market Account Group
6;Manager;adapter Home Loan Account;SMS Savings Account;reciprocal
7;magenta;Group Producer Pants;Lead Chair Handcrafted Wooden Shoes;Creative Berkshire
8;hacking Borders Plastic;Square override;Ball payment backing up;strategy Wooden
9;Refined interface;navigating;West Virginia Focused Illinois;Principal Rustic
10;Buckinghamshire;Analyst;Mouse time-frame Rustic Concrete Towels;wireless methodologies
